"product_id","product_name","department_id","department_name","category_id","category_name","product_priority"
1360,Smart watch ,2,Fitness,73,Sporting Goods,Regular Priority
365,Perfect fitness perfect rip deck,4,Apparel,17,Cleats,Regular Priority
627,Under armour girls' toddler spine surge runni,5,Golf,29,Shop By Sport,Regular Priority
502,Nike men's dri-fit victory golf polo,5,Golf,24,Women's Apparel,Regular Priority
278,Under armour men's compression ev sl slide,3,Footwear,13,Electronics,Regular Priority
249,Under armour women's micro g skulpt running s,3,Footwear,12,Boxing & MMA,Regular Priority
191,Nike men's free 5.0+ running shoe,3,Footwear,9,Cardio Equipment,Regular Priority
917,Glove it women's mod oval 3-zip carry all gol,6,Outdoors,41,Trade-In,Regular Priority
828,Bridgestone e6 straight distance nfl san dieg,6,Outdoors,37,Electronics,Regular Priority
642,Columbia men's pfg anchor tough t-shirt,5,Golf,29,Shop By Sport,Regular Priority
818,Titleist pro v1x golf balls,6,Outdoors,37,Electronics,Regular Priority
825,Bridgestone e6 straight distance nfl tennesse,6,Outdoors,37,Electronics,Regular Priority
306,Polar ft4 heart rate monitor,6,Outdoors,38,Kids' Golf Clubs,Regular Priority
977,Eno atlas hammock straps,7,Fan Shop,44,Hunting & Shooting,Regular Priority
44,Adidas men's f10 messi trx fg soccer cleat,2,Fitness,3,Baseball & Softball,Regular Priority
251,Brooks women's ghost 6 running shoe,3,Footwear,12,Boxing & MMA,Regular Priority
403,Nike men's cj elite 2 td football cleat,4,Apparel,18,Men's Footwear,Regular Priority
957,Diamondback women's serene classic comfort bi,7,Fan Shop,43,Camping & Hiking,Regular Priority
1352,Industrial consumer electronics,10,Technology,65,Consumer Electronics,Regular Priority
1349,Web camera,10,Technology,62,Cameras ,Regular Priority
1351,Dell laptop,10,Technology,64,Computers,Regular Priority
60,Sole e25 elliptical,2,Fitness,4,Basketball,Regular Priority
24,Elevation training mask 2.0,2,Fitness,2,Soccer,Regular Priority
567,Adidas men's germany black crest away tee,5,Golf,26,Girls' Apparel,Regular Priority
893,Team golf pittsburgh steelers putter grip,6,Outdoors,40,Accessories,Regular Priority
924,Glove it urban brick golf towel,6,Outdoors,41,Trade-In,Regular Priority
905,Team golf texas longhorns putter grip,6,Outdoors,40,Accessories,Regular Priority
564,Nike men's deutschland weltmeister winners bl,5,Golf,26,Girls' Apparel,Regular Priority
885,Team golf st. louis cardinals putter grip,6,Outdoors,40,Accessories,Regular Priority
1363,Summer dresses,4,Apparel,76,Women's Clothing,Regular Priority
1353,Porcelain crafts,4,Apparel,66,Crafts,Regular Priority
1357,Men's gala suit,4,Apparel,70,Men's Clothing,Regular Priority
906,Team golf tennessee volunteers putter grip,6,Outdoors,40,Accessories,Regular Priority
886,Team golf san francisco giants putter grip,6,Outdoors,40,Accessories,Regular Priority
926,Glove it imperial golf towel,6,Outdoors,41,Trade-In,Regular Priority
116,Nike men's comfort 2 slide,2,Fitness,6,Tennis & Racquet,Regular Priority
235,Under armour hustle storm medium duffle bag,3,Footwear,11,Fitness Accessories,Regular Priority
273,Under armour kids' mercenary slide,3,Footwear,13,Electronics,Regular Priority
282,Under armour women's ignite pip vi slide,3,Footwear,13,Electronics,Regular Priority
359,Nike men's free tr 5.0 tb training shoe,3,Footwear,16,As Seen on  TV!,Regular Priority
565,Adidas youth germany black/red away match soc,5,Golf,26,Girls' Apparel,Regular Priority
572,Tyr boys' team digi jammer,5,Golf,26,Girls' Apparel,Regular Priority
804,Glove it women's imperial golf glove,6,Outdoors,36,Golf Balls,Regular Priority
822,Titleist pro v1x high numbers golf balls,6,Outdoors,37,Electronics,Regular Priority
835,Bridgestone e6 straight distance nfl carolina,6,Outdoors,37,Electronics,Regular Priority
276,Under armour women's ignite slide,3,Footwear,13,Electronics,Regular Priority
823,Titleist pro v1x high numbers personalized go,6,Outdoors,37,Electronics,Regular Priority
203,Gopro hero3+ black edition camera,3,Footwear,10,Strength Training,Regular Priority
364,Total gym 1400,4,Apparel,17,Cleats,Regular Priority
1350,Children's heaters,4,Apparel,63,Children's Clothing,Regular Priority
897,Team golf new england patriots putter grip,6,Outdoors,40,Accessories,Regular Priority
37,Adidas kids' f5 messi fg soccer cleat,2,Fitness,3,Baseball & Softball,Regular Priority
172,Nike women's tempo shorts,3,Footwear,9,Cardio Equipment,Regular Priority
810,Glove it women's mod oval golf glove,6,Outdoors,36,Golf Balls,Regular Priority
821,Titleist pro v1 high numbers personalized gol,6,Outdoors,37,Electronics,Regular Priority
93,Under armour men's tech ii t-shirt,2,Fitness,5,Lacrosse,Regular Priority
1347,Baby sweater,4,Apparel,60,Baby ,Regular Priority
305,Mio alpha heart rate monitor/sport watch,6,Outdoors,38,Kids' Golf Clubs,Regular Priority
1004,Field & stream sportsman 16 gun fire safe,7,Fan Shop,45,Fishing,Regular Priority
1346,Sports books ,8,Book Shop,59,Books ,Regular Priority
58,Diamondback boys' insight 24 performance hybr,2,Fitness,4,Basketball,Regular Priority
311,Polar loop activity tracker,6,Outdoors,38,Kids' Golf Clubs,Regular Priority
303,Garmin forerunner 910xt gps watch,6,Outdoors,38,Kids' Golf Clubs,Regular Priority
1354,Dvds ,9,Discs Shop,67,DVDs,Regular Priority
1348,Cds of rock,9,Discs Shop,61,CDs ,Regular Priority
78,Nike kids' grade school kd vi basketball shoe,2,Fitness,5,Lacrosse,Regular Priority
258,Nike women's free 5.0 tr fit prt 4 training s,3,Footwear,12,Boxing & MMA,Regular Priority
797,Hirzl women's soffft flex golf glove,6,Outdoors,36,Golf Balls,Regular Priority
981,The north face women's recon backpack,7,Fan Shop,44,Hunting & Shooting,Regular Priority
1355,Lawn mower,6,Outdoors,68,Garden,Regular Priority
135,Nike dri-fit crew sock 6 pack,2,Fitness,7,Hockey,Regular Priority
134,Nike women's legend v-neck t-shirt,2,Fitness,7,Hockey,Regular Priority
845,Garmin approach s4 golf gps watch,6,Outdoors,38,Kids' Golf Clubs,Regular Priority
982,Insta-bed neverflat air mattress,7,Fan Shop,44,Hunting & Shooting,Regular Priority
625,Nike men's kobe ix elite low basketball shoe,5,Golf,29,Shop By Sport,Regular Priority
1359,Adult dog supplies,11,Pet Shop,72,Pet Supplies,Regular Priority
1356,First aid kit,12,Health and Beauty ,69,Health and Beauty,Regular Priority
607,Garmin approach s3 golf gps watch,6,Outdoors,41,Trade-In,Regular Priority
1358,Rock music,9,Discs Shop,71,Music,Regular Priority
1362,Fighting video games,9,Discs Shop,75,Video Games,Regular Priority
295,Fitbit the one wireless activity & sleep trac,6,Outdoors,38,Kids' Golf Clubs,Regular Priority
127,Stiga master series st3100 competition indoor,2,Fitness,7,Hockey,Regular Priority
61,Diamondback girls' clarity 24 hybrid bike 201,2,Fitness,4,Basketball,Regular Priority
35,Adidas brazuca 2014 official match ball,2,Fitness,3,Baseball & Softball,Regular Priority
858,Golfbuddy vt3 gps watch,6,Outdoors,38,Kids' Golf Clubs,Regular Priority
860,Bushnell pro x7 jolt slope rangefinder,6,Outdoors,38,Kids' Golf Clubs,Regular Priority
216,Yakima doubledown ace hitch mount 4-bike rack,3,Footwear,10,Strength Training,Regular Priority
19,Nike men's fingertrap max training shoe,2,Fitness,2,Soccer,Regular Priority
226,Bowflex selecttech 1090 dumbbells,3,Footwear,11,Fitness Accessories,Regular Priority
208,Sole e35 elliptical,3,Footwear,10,Strength Training,Regular Priority
793,Hirzl women's hybrid golf glove,6,Outdoors,36,Golf Balls,Regular Priority
792,Hirzl men's hybrid golf glove,6,Outdoors,36,Golf Balls,Regular Priority
786,Taylormade 2014 purelite stand bag,6,Outdoors,35,Golf Gloves,Regular Priority
778,Bag boy beverage holder,6,Outdoors,35,Golf Gloves,Regular Priority
777,Bag boy m330 push cart,6,Outdoors,35,Golf Gloves,Regular Priority
775,Clicgear 8.0 shoe brush,6,Outdoors,35,Golf Gloves,Regular Priority
773,Titleist small wheeled travel cover,6,Outdoors,35,Golf Gloves,Regular Priority
771,Clicgear rovic cooler bag,6,Outdoors,35,Golf Gloves,Regular Priority
768,Titleist club glove travel cover,6,Outdoors,35,Golf Gloves,Regular Priority
743,Ogio race golf shoes,6,Outdoors,34,Golf Bags & Carts,Regular Priority
730,Lija women's argyle golf polo,6,Outdoors,33,Golf Shoes,Regular Priority
728,Lija women's eyelet sleeveless golf polo,6,Outdoors,33,Golf Shoes,Regular Priority
725,Lija women's button golf dress,6,Outdoors,33,Golf Shoes,Regular Priority
724,Lija women's mid-length panel golf shorts,6,Outdoors,33,Golf Shoes,Regular Priority
715,Taylormade women's rbz sl rescue,6,Outdoors,32,Golf Apparel,Regular Priority
705,Cleveland golf women's 588 rtx cb satin chrom,6,Outdoors,32,Golf Apparel,Regular Priority
703,Top flite women's 2014 xl hybrid,6,Outdoors,32,Golf Apparel,Regular Priority
691,Mdgolf pittsburgh penguins putter,6,Outdoors,31,Women's Golf Clubs,Regular Priority
677,Taylormade white smoke in-12 putter,6,Outdoors,31,Women's Golf Clubs,Regular Priority
671,Cleveland golf collegiate my custom wedge 588,6,Outdoors,31,Women's Golf Clubs,Regular Priority
666,Merrell men's all out flash trail running sho,6,Outdoors,30,Men's Golf Clubs,Regular Priority
652,Merrell women's grassbow sport waterproof hik,6,Outdoors,30,Men's Golf Clubs,Regular Priority
647,Merrell women's siren mid waterproof hiking b,6,Outdoors,30,Men's Golf Clubs,Regular Priority
646,Merrell women's grassbow sport hiking shoe,6,Outdoors,30,Men's Golf Clubs,Regular Priority
1361,Toys ,7,Fan Shop,74,Toys,Regular Priority
1073,Pelican sunstream 100 kayak,7,Fan Shop,48,Water Sports,Regular Priority
1059,Pelican maverick 100x kayak,7,Fan Shop,48,Water Sports,Regular Priority
1014,O'brien men's neoprene life vest,7,Fan Shop,46,Indoor/Outdoor Games,Regular Priority
